<?xml version="1.0" encoding="UTF-8"?>
<GenRun Id="synth_1" LaunchPart="xc7a100tcsg324-1" LaunchTime="1668226302">
  <File Type="PA-TCL" Name="top.tcl"/>
  <File Type="RDS-PROPCONSTRS" Name="top_drc_synth.rpt"/>
  <File Type="REPORTS-TCL" Name="top_reports.tcl"/>
  <File Type="RDS-RDS" Name="top.vds"/>
  <File Type="RDS-UTIL" Name="top_utilization_synth.rpt"/>
  <File Type="RDS-UTIL-PB" Name="top_utilization_synth.pb"/>
  <File Type="RDS-DCP" Name="top.dcp"/>
  <File Type="VDS-TIMINGSUMMARY" Name="top_timing_summary_synth.rpt"/>
  <File Type="VDS-TIMING-PB" Name="top_timing_summary_synth.pb"/>
  <FileSet Name="sources" Type="DesignSrcs" RelSrcDir="$PSRCDIR/sources_1">
    <Filter Type="Srcs"/>
    <File Path="$PSRCDIR/sources_1/new/PS2Receiver.v">
      <FileInfo>
        <Attr Name="ImportPath" Val="$PPRDIR/../ec551_lab2_update/ec551_lab2_update.srcs/sources_1/new/PS2Receiver.v"/>
        <Attr Name="ImportTime" Val="1668206462"/>
        <Attr Name="UsedIn" Val="synthesis"/>
        <Attr Name="UsedIn" Val="implementation"/>
        <Attr Name="UsedIn" Val="simulation"/>
      </FileInfo>
    </File>
    <File Path="$PSRCDIR/sources_1/new/debounce.v">
      <FileInfo>
        <Attr Name="ImportPath" Val="$PPRDIR/../ec551_lab2_update/ec551_lab2_update.srcs/sources_1/new/debounce.v"/>
        <Attr Name="ImportTime" Val="1668206500"/>
        <Attr Name="UsedIn" Val="synthesis"/>
        <Attr Name="UsedIn" Val="implementation"/>
        <Attr Name="UsedIn" Val="simulation"/>
      </FileInfo>
    </File>
    <File Path="$PSRCDIR/sources_1/imports/Downloads/ec-lab2/ec-lab2/ec-lab2.srcs/sources_1/imports/Downloads/ec551-mas/ec551-master/labs/Lab2/submission/src/modules/kb_code_ascii_convert.v">
      <FileInfo>
        <Attr Name="ImportPath" Val="$PPRDIR/../Downloads/ec-lab2/ec-lab2/ec-lab2.srcs/sources_1/imports/Downloads/ec551-mas/ec551-master/labs/Lab2/submission/src/modules/kb_code_ascii_convert.v"/>
        <Attr Name="ImportTime" Val="1668194428"/>
        <Attr Name="UsedIn" Val="synthesis"/>
        <Attr Name="UsedIn" Val="implementation"/>
        <Attr Name="UsedIn" Val="simulation"/>
      </FileInfo>
    </File>
    <File Path="$PSRCDIR/sources_1/imports/Downloads/ec-lab2/ec-lab2/ec-lab2.srcs/sources_1/imports/Downloads/Nexys-A7-100T-GPIO-2018.2-1/Nexys-A7-100T-GPIO-2018.2-1/src/hdl/UART_TX_CTRL.vhd">
      <FileInfo>
        <Attr Name="ImportPath" Val="$PPRDIR/../Downloads/ec-lab2/ec-lab2/ec-lab2.srcs/sources_1/imports/Downloads/Nexys-A7-100T-GPIO-2018.2-1/Nexys-A7-100T-GPIO-2018.2-1/src/hdl/UART_TX_CTRL.vhd"/>
        <Attr Name="ImportTime" Val="1668194428"/>
        <Attr Name="UsedIn" Val="synthesis"/>
        <Attr Name="UsedIn" Val="simulation"/>
      </FileInfo>
    </File>
    <File Path="$PSRCDIR/sources_1/imports/Downloads/lab2_update/lab2_update/lab2_update.srcs/sources_1/new/top.v">
      <FileInfo>
        <Attr Name="ImportPath" Val="$PPRDIR/../Downloads/lab2_update/lab2_update/lab2_update.srcs/sources_1/new/top.v"/>
        <Attr Name="ImportTime" Val="1668194165"/>
        <Attr Name="UsedIn" Val="synthesis"/>
        <Attr Name="UsedIn" Val="implementation"/>
        <Attr Name="UsedIn" Val="simulation"/>
      </FileInfo>
    </File>
    <File Path="$PSRCDIR/sources_1/imports/Downloads/ec-lab2/ec-lab2/ec-lab2.srcs/sources_1/imports/Downloads/ec551-mas/ec551-master/labs/Lab2/submission/src/modules/cpu.v">
      <FileInfo>
        <Attr Name="AutoDisabled" Val="1"/>
        <Attr Name="ImportPath" Val="$PPRDIR/../Downloads/ec-lab2/ec-lab2/ec-lab2.srcs/sources_1/imports/Downloads/ec551-mas/ec551-master/labs/Lab2/submission/src/modules/cpu.v"/>
        <Attr Name="ImportTime" Val="1668194428"/>
        <Attr Name="UsedIn" Val="synthesis"/>
        <Attr Name="UsedIn" Val="implementation"/>
        <Attr Name="UsedIn" Val="simulation"/>
      </FileInfo>
    </File>
    <File Path="$PSRCDIR/sources_1/imports/Downloads/ec-lab2/ec-lab2/ec-lab2.srcs/sources_1/imports/Downloads/ec551-mas/ec551-master/labs/Lab2/submission/src/modules/regfile.v">
      <FileInfo>
        <Attr Name="AutoDisabled" Val="1"/>
        <Attr Name="ImportPath" Val="$PPRDIR/../Downloads/ec-lab2/ec-lab2/ec-lab2.srcs/sources_1/imports/Downloads/ec551-mas/ec551-master/labs/Lab2/submission/src/modules/regfile.v"/>
        <Attr Name="ImportTime" Val="1668194428"/>
        <Attr Name="UsedIn" Val="synthesis"/>
        <Attr Name="UsedIn" Val="implementation"/>
        <Attr Name="UsedIn" Val="simulation"/>
      </FileInfo>
    </File>
    <File Path="$PSRCDIR/sources_1/imports/Downloads/ec-lab2/ec-lab2/ec-lab2.srcs/sources_1/imports/Downloads/ec551-mas/ec551-master/labs/Lab2/submission/src/modules/alu.v">
      <FileInfo>
        <Attr Name="AutoDisabled" Val="1"/>
        <Attr Name="ImportPath" Val="$PPRDIR/../Downloads/ec-lab2/ec-lab2/ec-lab2.srcs/sources_1/imports/Downloads/ec551-mas/ec551-master/labs/Lab2/submission/src/modules/alu.v"/>
        <Attr Name="ImportTime" Val="1668194428"/>
        <Attr Name="UsedIn" Val="synthesis"/>
        <Attr Name="UsedIn" Val="implementation"/>
        <Attr Name="UsedIn" Val="simulation"/>
      </FileInfo>
    </File>
    <File Path="$PSRCDIR/sources_1/imports/Downloads/ec-lab2/ec-lab2/ec-lab2.srcs/sources_1/imports/Downloads/ec551-mas/ec551-master/labs/Lab2/submission/src/modules/memory.v">
      <FileInfo>
        <Attr Name="AutoDisabled" Val="1"/>
        <Attr Name="ImportPath" Val="$PPRDIR/../Downloads/ec-lab2/ec-lab2/ec-lab2.srcs/sources_1/imports/Downloads/ec551-mas/ec551-master/labs/Lab2/submission/src/modules/memory.v"/>
        <Attr Name="ImportTime" Val="1668194428"/>
        <Attr Name="UsedIn" Val="synthesis"/>
        <Attr Name="UsedIn" Val="implementation"/>
        <Attr Name="UsedIn" Val="simulation"/>
      </FileInfo>
    </File>
    <File Path="$PSRCDIR/sources_1/imports/Downloads/ec-lab2/ec-lab2/ec-lab2.srcs/sources_1/imports/Downloads/ec551-mas/ec551-master/labs/Lab2/submission/src/modules/idecode.v">
      <FileInfo>
        <Attr Name="AutoDisabled" Val="1"/>
        <Attr Name="ImportPath" Val="$PPRDIR/../Downloads/ec-lab2/ec-lab2/ec-lab2.srcs/sources_1/imports/Downloads/ec551-mas/ec551-master/labs/Lab2/submission/src/modules/idecode.v"/>
        <Attr Name="ImportTime" Val="1668194428"/>
        <Attr Name="UsedIn" Val="synthesis"/>
        <Attr Name="UsedIn" Val="implementation"/>
        <Attr Name="UsedIn" Val="simulation"/>
      </FileInfo>
    </File>
    <File Path="$PSRCDIR/sources_1/imports/Downloads/ec-lab2/ec-lab2/ec-lab2.srcs/sources_1/imports/Downloads/ec551-mas/ec551-master/labs/Lab2/submission/src/modules/cpu_command.v">
      <FileInfo>
        <Attr Name="AutoDisabled" Val="1"/>
        <Attr Name="ImportPath" Val="$PPRDIR/../Downloads/ec-lab2/ec-lab2/ec-lab2.srcs/sources_1/imports/Downloads/ec551-mas/ec551-master/labs/Lab2/submission/src/modules/cpu_command.v"/>
        <Attr Name="ImportTime" Val="1668194428"/>
        <Attr Name="UsedIn" Val="synthesis"/>
        <Attr Name="UsedIn" Val="implementation"/>
        <Attr Name="UsedIn" Val="simulation"/>
      </FileInfo>
    </File>
    <File Path="$PSRCDIR/sources_1/imports/Downloads/ec-lab2/ec-lab2/ec-lab2.srcs/sources_1/imports/Downloads/ec551-mas/ec551-master/labs/Lab2/submission/src/modules/alu_command.v">
      <FileInfo>
        <Attr Name="AutoDisabled" Val="1"/>
        <Attr Name="ImportPath" Val="$PPRDIR/../Downloads/ec-lab2/ec-lab2/ec-lab2.srcs/sources_1/imports/Downloads/ec551-mas/ec551-master/labs/Lab2/submission/src/modules/alu_command.v"/>
        <Attr Name="ImportTime" Val="1668194428"/>
        <Attr Name="UsedIn" Val="synthesis"/>
        <Attr Name="UsedIn" Val="implementation"/>
        <Attr Name="UsedIn" Val="simulation"/>
      </FileInfo>
    </File>
    <File Path="$PSRCDIR/sources_1/imports/Downloads/ec-lab2/ec-lab2/ec-lab2.srcs/sources_1/imports/Downloads/ec551-mas/ec551-master/labs/Lab2/submission/src/modules/bench_command.v">
      <FileInfo>
        <Attr Name="AutoDisabled" Val="1"/>
        <Attr Name="ImportPath" Val="$PPRDIR/../Downloads/ec-lab2/ec-lab2/ec-lab2.srcs/sources_1/imports/Downloads/ec551-mas/ec551-master/labs/Lab2/submission/src/modules/bench_command.v"/>
        <Attr Name="ImportTime" Val="1668194428"/>
        <Attr Name="UsedIn" Val="synthesis"/>
        <Attr Name="UsedIn" Val="implementation"/>
        <Attr Name="UsedIn" Val="simulation"/>
      </FileInfo>
    </File>
    <File Path="$PSRCDIR/sources_1/new/internal_processing.v">
      <FileInfo>
        <Attr Name="AutoDisabled" Val="1"/>
        <Attr Name="ImportPath" Val="$PPRDIR/../lab2_update2/lab2_update2.srcs/sources_1/new/internal_processing.v"/>
        <Attr Name="ImportTime" Val="1668227246"/>
        <Attr Name="UsedIn" Val="synthesis"/>
        <Attr Name="UsedIn" Val="implementation"/>
        <Attr Name="UsedIn" Val="simulation"/>
      </FileInfo>
    </File>
    <File Path="$PSRCDIR/sources_1/imports/Downloads/ec-lab2/ec-lab2/ec-lab2.srcs/sources_1/imports/Downloads/ec551-mas/ec551-master/labs/Lab2/submission/src/modules/intro_command.v">
      <FileInfo>
        <Attr Name="AutoDisabled" Val="1"/>
        <Attr Name="ImportPath" Val="$PPRDIR/../Downloads/ec-lab2/ec-lab2/ec-lab2.srcs/sources_1/imports/Downloads/ec551-mas/ec551-master/labs/Lab2/submission/src/modules/intro_command.v"/>
        <Attr Name="ImportTime" Val="1668194428"/>
        <Attr Name="UsedIn" Val="synthesis"/>
        <Attr Name="UsedIn" Val="implementation"/>
        <Attr Name="UsedIn" Val="simulation"/>
      </FileInfo>
    </File>
    <File Path="$PSRCDIR/sources_1/imports/Downloads/ec-lab2/ec-lab2/ec-lab2.srcs/sources_1/imports/Downloads/ec551-mas/ec551-master/labs/Lab2/submission/src/modules/kb_buffer.v">
      <FileInfo>
        <Attr Name="AutoDisabled" Val="1"/>
        <Attr Name="ImportPath" Val="$PPRDIR/../Downloads/ec-lab2/ec-lab2/ec-lab2.srcs/sources_1/imports/Downloads/ec551-mas/ec551-master/labs/Lab2/submission/src/modules/kb_buffer.v"/>
        <Attr Name="ImportTime" Val="1668194428"/>
        <Attr Name="UsedIn" Val="synthesis"/>
        <Attr Name="UsedIn" Val="implementation"/>
        <Attr Name="UsedIn" Val="simulation"/>
      </FileInfo>
    </File>
    <File Path="$PSRCDIR/sources_1/imports/Downloads/ec-lab2/ec-lab2/ec-lab2.srcs/sources_1/imports/Downloads/ec551-mas/ec551-master/labs/Lab2/submission/src/modules/keyboard_controller.v">
      <FileInfo>
        <Attr Name="AutoDisabled" Val="1"/>
        <Attr Name="ImportPath" Val="$PPRDIR/../Downloads/ec-lab2/ec-lab2/ec-lab2.srcs/sources_1/imports/Downloads/ec551-mas/ec551-master/labs/Lab2/submission/src/modules/keyboard_controller.v"/>
        <Attr Name="ImportTime" Val="1668194428"/>
        <Attr Name="UsedIn" Val="synthesis"/>
        <Attr Name="UsedIn" Val="implementation"/>
        <Attr Name="UsedIn" Val="simulation"/>
      </FileInfo>
    </File>
    <File Path="$PSRCDIR/sources_1/new/keyboard_synchronous.v">
      <FileInfo>
        <Attr Name="AutoDisabled" Val="1"/>
        <Attr Name="ImportPath" Val="$PPRDIR/../lab2_update2/lab2_update2.srcs/sources_1/new/keyboard_synchronous.v"/>
        <Attr Name="ImportTime" Val="1668218826"/>
        <Attr Name="UsedIn" Val="synthesis"/>
        <Attr Name="UsedIn" Val="implementation"/>
        <Attr Name="UsedIn" Val="simulation"/>
      </FileInfo>
    </File>
    <File Path="$PSRCDIR/sources_1/imports/Downloads/ec-lab2/ec-lab2/ec-lab2.srcs/sources_1/imports/Downloads/ec551-mas/ec551-master/labs/Lab2/submission/src/modules/printer.v">
      <FileInfo>
        <Attr Name="AutoDisabled" Val="1"/>
        <Attr Name="ImportPath" Val="$PPRDIR/../Downloads/ec-lab2/ec-lab2/ec-lab2.srcs/sources_1/imports/Downloads/ec551-mas/ec551-master/labs/Lab2/submission/src/modules/printer.v"/>
        <Attr Name="ImportTime" Val="1668194428"/>
        <Attr Name="UsedIn" Val="synthesis"/>
        <Attr Name="UsedIn" Val="implementation"/>
        <Attr Name="UsedIn" Val="simulation"/>
      </FileInfo>
    </File>
    <File Path="$PSRCDIR/sources_1/new/seg7decimal.v">
      <FileInfo>
        <Attr Name="AutoDisabled" Val="1"/>
        <Attr Name="ImportPath" Val="$PPRDIR/../lab2_update2/lab2_update2.srcs/sources_1/new/seg7decimal.v"/>
        <Attr Name="ImportTime" Val="1668209634"/>
        <Attr Name="UsedIn" Val="synthesis"/>
        <Attr Name="UsedIn" Val="implementation"/>
        <Attr Name="UsedIn" Val="simulation"/>
      </FileInfo>
    </File>
    <File Path="$PSRCDIR/sources_1/new/state_machine.v">
      <FileInfo>
        <Attr Name="AutoDisabled" Val="1"/>
        <Attr Name="ImportPath" Val="$PPRDIR/../ec551_lab2_update/ec551_lab2_update.srcs/sources_1/new/state_machine.v"/>
        <Attr Name="ImportTime" Val="1668205694"/>
        <Attr Name="UsedIn" Val="synthesis"/>
        <Attr Name="UsedIn" Val="implementation"/>
        <Attr Name="UsedIn" Val="simulation"/>
      </FileInfo>
    </File>
    <File Path="$PSRCDIR/sources_1/new/top_logic.v">
      <FileInfo>
        <Attr Name="AutoDisabled" Val="1"/>
        <Attr Name="ImportPath" Val="$PPRDIR/../ec551_lab2_update/ec551_lab2_update.srcs/sources_1/new/top_logic.v"/>
        <Attr Name="ImportTime" Val="1668205565"/>
        <Attr Name="UsedIn" Val="synthesis"/>
        <Attr Name="UsedIn" Val="implementation"/>
        <Attr Name="UsedIn" Val="simulation"/>
      </FileInfo>
    </File>
    <Config>
      <Option Name="DesignMode" Val="RTL"/>
      <Option Name="TopModule" Val="top"/>
    </Config>
  </FileSet>
  <FileSet Name="constrs_in" Type="Constrs" RelSrcDir="$PSRCDIR/constrs_1">
    <Filter Type="Constrs"/>
    <File Path="$PSRCDIR/constrs_1/imports/new/top.xdc">
      <FileInfo>
        <Attr Name="ImportPath" Val="$PPRDIR/../Downloads/lab2_update/lab2_update/lab2_update.srcs/constrs_1/new/top.xdc"/>
        <Attr Name="ImportTime" Val="1668194165"/>
        <Attr Name="UsedIn" Val="synthesis"/>
        <Attr Name="UsedIn" Val="implementation"/>
      </FileInfo>
    </File>
    <Config>
      <Option Name="TargetConstrsFile" Val="$PSRCDIR/constrs_1/imports/new/top.xdc"/>
      <Option Name="ConstrsType" Val="XDC"/>
    </Config>
  </FileSet>
  <FileSet Name="utils" Type="Utils" RelSrcDir="$PSRCDIR/utils_1">
    <Filter Type="Utils"/>
    <Config>
      <Option Name="TopAutoSet" Val="TRUE"/>
    </Config>
  </FileSet>
  <Strategy Version="1" Minor="2">
    <StratHandle Name="Vivado Synthesis Defaults" Flow="Vivado Synthesis 2019"/>
    <Step Id="synth_design"/>
  </Strategy>
</GenRun>
