<?xml version="1.0" encoding="UTF-8"?>
<GenRun Id="impl_3" LaunchPart="xc7a100tcsg324-1" LaunchTime="1670443919">
  <File Type="BITSTR-BMM" Name="top_bd.bmm"/>
  <File Type="OPT-METHODOLOGY-DRC" Name="top_methodology_drc_opted.rpt"/>
  <File Type="INIT-TIMING" Name="top_timing_summary_init.rpt"/>
  <File Type="ROUTE-PWR" Name="top_power_routed.rpt"/>
  <File Type="PA-TCL" Name="top.tcl"/>
  <File Type="OPT-TIMING" Name="top_timing_summary_opted.rpt"/>
  <File Type="OPT-DCP" Name="top_opt.dcp"/>
  <File Type="ROUTE-PWR-SUM" Name="top_power_summary_routed.pb"/>
  <File Type="REPORTS-TCL" Name="top_reports.tcl"/>
  <File Type="OPT-DRC" Name="top_drc_opted.rpt"/>
  <File Type="OPT-HWDEF" Name="top.hwdef"/>
  <File Type="PWROPT-DCP" Name="top_pwropt.dcp"/>
  <File Type="PWROPT-DRC" Name="top_drc_pwropted.rpt"/>
  <File Type="PWROPT-TIMING" Name="top_timing_summary_pwropted.rpt"/>
  <File Type="PLACE-DCP" Name="top_placed.dcp"/>
  <File Type="PLACE-IO" Name="top_io_placed.rpt"/>
  <File Type="PLACE-CLK" Name="top_clock_utilization_placed.rpt"/>
  <File Type="PLACE-UTIL" Name="top_utilization_placed.rpt"/>
  <File Type="PLACE-UTIL-PB" Name="top_utilization_placed.pb"/>
  <File Type="PLACE-CTRL" Name="top_control_sets_placed.rpt"/>
  <File Type="PLACE-SIMILARITY" Name="top_incremental_reuse_placed.rpt"/>
  <File Type="PLACE-PRE-SIMILARITY" Name="top_incremental_reuse_pre_placed.rpt"/>
  <File Type="BG-BGN" Name="top.bgn"/>
  <File Type="PLACE-TIMING" Name="top_timing_summary_placed.rpt"/>
  <File Type="POSTPLACE-PWROPT-DCP" Name="top_postplace_pwropt.dcp"/>
  <File Type="BG-BIN" Name="top.bin"/>
  <File Type="POSTPLACE-PWROPT-TIMING" Name="top_timing_summary_postplace_pwropted.rpt"/>
  <File Type="PHYSOPT-DCP" Name="top_physopt.dcp"/>
  <File Type="PHYSOPT-DRC" Name="top_drc_physopted.rpt"/>
  <File Type="BITSTR-MSK" Name="top.msk"/>
  <File Type="PHYSOPT-TIMING" Name="top_timing_summary_physopted.rpt"/>
  <File Type="ROUTE-ERROR-DCP" Name="top_routed_error.dcp"/>
  <File Type="ROUTE-DCP" Name="top_routed.dcp"/>
  <File Type="ROUTE-BLACKBOX-DCP" Name="top_routed_bb.dcp"/>
  <File Type="ROUTE-DRC" Name="top_drc_routed.rpt"/>
  <File Type="ROUTE-DRC-PB" Name="top_drc_routed.pb"/>
  <File Type="BITSTR-LTX" Name="debug_nets.ltx"/>
  <File Type="BITSTR-LTX" Name="top.ltx"/>
  <File Type="ROUTE-DRC-RPX" Name="top_drc_routed.rpx"/>
  <File Type="BITSTR-MMI" Name="top.mmi"/>
  <File Type="ROUTE-METHODOLOGY-DRC" Name="top_methodology_drc_routed.rpt"/>
  <File Type="ROUTE-METHODOLOGY-DRC-RPX" Name="top_methodology_drc_routed.rpx"/>
  <File Type="BITSTR-SYSDEF" Name="top.sysdef"/>
  <File Type="ROUTE-METHODOLOGY-DRC-PB" Name="top_methodology_drc_routed.pb"/>
  <File Type="ROUTE-PWR-RPX" Name="top_power_routed.rpx"/>
  <File Type="ROUTE-STATUS" Name="top_route_status.rpt"/>
  <File Type="ROUTE-STATUS-PB" Name="top_route_status.pb"/>
  <File Type="ROUTE-TIMINGSUMMARY" Name="top_timing_summary_routed.rpt"/>
  <File Type="ROUTE-TIMING-PB" Name="top_timing_summary_routed.pb"/>
  <File Type="ROUTE-TIMING-RPX" Name="top_timing_summary_routed.rpx"/>
  <File Type="ROUTE-SIMILARITY" Name="top_incremental_reuse_routed.rpt"/>
  <File Type="ROUTE-CLK" Name="top_clock_utilization_routed.rpt"/>
  <File Type="ROUTE-BUS-SKEW" Name="top_bus_skew_routed.rpt"/>
  <File Type="ROUTE-BUS-SKEW-PB" Name="top_bus_skew_routed.pb"/>
  <File Type="ROUTE-BUS-SKEW-RPX" Name="top_bus_skew_routed.rpx"/>
  <File Type="POSTROUTE-PHYSOPT-DCP" Name="top_postroute_physopt.dcp"/>
  <File Type="POSTROUTE-PHYSOPT-BLACKBOX-DCP" Name="top_postroute_physopt_bb.dcp"/>
  <File Type="POSTROUTE-PHYSOPT-TIMING" Name="top_timing_summary_postroute_physopted.rpt"/>
  <File Type="POSTROUTE-PHYSOPT-TIMING-PB" Name="top_timing_summary_postroute_physopted.pb"/>
  <File Type="POSTROUTE-PHYSOPT-TIMING-RPX" Name="top_timing_summary_postroute_physopted.rpx"/>
  <File Type="POSTROUTE-PHYSOPT-BUS-SKEW" Name="top_bus_skew_postroute_physopted.rpt"/>
  <File Type="POSTROUTE-PHYSOPT-BUS-SKEW-PB" Name="top_bus_skew_postroute_physopted.pb"/>
  <File Type="BG-BIT" Name="top.bit"/>
  <File Type="POSTROUTE-PHYSOPT-BUS-SKEW-RPX" Name="top_bus_skew_postroute_physopted.rpx"/>
  <File Type="BITSTR-RBT" Name="top.rbt"/>
  <File Type="BITSTR-NKY" Name="top.nky"/>
  <File Type="BG-DRC" Name="top.drc"/>
  <File Type="RDI-RDI" Name="top.vdi"/>
  <File Type="WBT-USG" Name="usage_statistics_webtalk.html"/>
  <FileSet Name="sources" Type="DesignSrcs" RelSrcDir="$PSRCDIR/sources_1">
    <Filter Type="Srcs"/>
    <File Path="$PSRCDIR/sources_1/imports/source/PS2Receiver.v">
      <FileInfo>
        <Attr Name="ImportPath" Val="$PPRDIR/../../ec551_lab2_22/lab2 submit/lab2 submit/source/PS2Receiver.v"/>
        <Attr Name="ImportTime" Val="1669083270"/>
        <Attr Name="UsedIn" Val="synthesis"/>
        <Attr Name="UsedIn" Val="implementation"/>
        <Attr Name="UsedIn" Val="simulation"/>
      </FileInfo>
    </File>
    <File Path="$PSRCDIR/sources_1/new/alu.v">
      <FileInfo>
        <Attr Name="ImportPath" Val="$PPRDIR/../../ec551_lab2_22/ec551_lab2_11/ec551_lab2_11.srcs/sources_1/new/alu.v"/>
        <Attr Name="ImportTime" Val="1669083782"/>
        <Attr Name="UsedIn" Val="synthesis"/>
        <Attr Name="UsedIn" Val="implementation"/>
        <Attr Name="UsedIn" Val="simulation"/>
      </FileInfo>
    </File>
    <File Path="$PSRCDIR/sources_1/imports/source/bintobcd.v">
      <FileInfo>
        <Attr Name="ImportPath" Val="$PPRDIR/../../ec551_lab2_22/lab2 submit/lab2 submit/source/bintobcd.v"/>
        <Attr Name="ImportTime" Val="1669083270"/>
        <Attr Name="UsedIn" Val="synthesis"/>
        <Attr Name="UsedIn" Val="implementation"/>
        <Attr Name="UsedIn" Val="simulation"/>
      </FileInfo>
    </File>
    <File Path="$PSRCDIR/sources_1/imports/source/cpu.v">
      <FileInfo>
        <Attr Name="ImportPath" Val="$PPRDIR/../../ec551_lab2_22/lab2 submit/lab2 submit/source/cpu.v"/>
        <Attr Name="ImportTime" Val="1669093175"/>
        <Attr Name="UsedIn" Val="synthesis"/>
        <Attr Name="UsedIn" Val="implementation"/>
        <Attr Name="UsedIn" Val="simulation"/>
      </FileInfo>
    </File>
    <File Path="$PSRCDIR/sources_1/imports/source/cpu_command.v">
      <FileInfo>
        <Attr Name="ImportPath" Val="$PPRDIR/../../ec551_lab2_22/lab2 submit/lab2 submit/source/cpu_command.v"/>
        <Attr Name="ImportTime" Val="1669088527"/>
        <Attr Name="UsedIn" Val="synthesis"/>
        <Attr Name="UsedIn" Val="implementation"/>
        <Attr Name="UsedIn" Val="simulation"/>
      </FileInfo>
    </File>
    <File Path="$PSRCDIR/sources_1/imports/source/debounce.v">
      <FileInfo>
        <Attr Name="ImportPath" Val="$PPRDIR/../../ec551_lab2_22/lab2 submit/lab2 submit/source/debounce.v"/>
        <Attr Name="ImportTime" Val="1669083270"/>
        <Attr Name="UsedIn" Val="synthesis"/>
        <Attr Name="UsedIn" Val="implementation"/>
        <Attr Name="UsedIn" Val="simulation"/>
      </FileInfo>
    </File>
    <File Path="$PSRCDIR/sources_1/imports/source/factorial.v">
      <FileInfo>
        <Attr Name="ImportPath" Val="$PPRDIR/../../ec551_lab2_22/lab2 submit/lab2 submit/source/factorial.v"/>
        <Attr Name="ImportTime" Val="1669083270"/>
        <Attr Name="UsedIn" Val="synthesis"/>
        <Attr Name="UsedIn" Val="implementation"/>
        <Attr Name="UsedIn" Val="simulation"/>
      </FileInfo>
    </File>
    <File Path="$PSRCDIR/sources_1/imports/source/idecode.v">
      <FileInfo>
        <Attr Name="ImportPath" Val="$PPRDIR/../../ec551_lab2_22/lab2 submit/lab2 submit/source/idecode.v"/>
        <Attr Name="ImportTime" Val="1669093358"/>
        <Attr Name="UsedIn" Val="synthesis"/>
        <Attr Name="UsedIn" Val="implementation"/>
        <Attr Name="UsedIn" Val="simulation"/>
      </FileInfo>
    </File>
    <File Path="$PSRCDIR/sources_1/imports/source/internal_processing.v">
      <FileInfo>
        <Attr Name="ImportPath" Val="$PPRDIR/../../ec551_lab2_22/lab2 submit/lab2 submit/source/internal_processing.v"/>
        <Attr Name="ImportTime" Val="1669085108"/>
        <Attr Name="UsedIn" Val="synthesis"/>
        <Attr Name="UsedIn" Val="implementation"/>
        <Attr Name="UsedIn" Val="simulation"/>
      </FileInfo>
    </File>
    <File Path="$PSRCDIR/sources_1/imports/source/introduction_part.v">
      <FileInfo>
        <Attr Name="ImportPath" Val="$PPRDIR/../../ec551_lab2_22/lab2 submit/lab2 submit/source/introduction_part.v"/>
        <Attr Name="ImportTime" Val="1669083270"/>
        <Attr Name="UsedIn" Val="synthesis"/>
        <Attr Name="UsedIn" Val="implementation"/>
        <Attr Name="UsedIn" Val="simulation"/>
      </FileInfo>
    </File>
    <File Path="$PSRCDIR/sources_1/imports/source/kb_code_ascii_convert.v">
      <FileInfo>
        <Attr Name="ImportPath" Val="$PPRDIR/../../ec551_lab2_22/lab2 submit/lab2 submit/source/kb_code_ascii_convert.v"/>
        <Attr Name="ImportTime" Val="1669083270"/>
        <Attr Name="UsedIn" Val="synthesis"/>
        <Attr Name="UsedIn" Val="implementation"/>
        <Attr Name="UsedIn" Val="simulation"/>
      </FileInfo>
    </File>
    <File Path="$PSRCDIR/sources_1/imports/source/memory.v">
      <FileInfo>
        <Attr Name="ImportPath" Val="$PPRDIR/../../ec551_lab2_22/lab2 submit/lab2 submit/source/memory.v"/>
        <Attr Name="ImportTime" Val="1669089060"/>
        <Attr Name="UsedIn" Val="synthesis"/>
        <Attr Name="UsedIn" Val="implementation"/>
        <Attr Name="UsedIn" Val="simulation"/>
      </FileInfo>
    </File>
    <File Path="$PSRCDIR/sources_1/imports/source/regfile.v">
      <FileInfo>
        <Attr Name="ImportPath" Val="$PPRDIR/../../ec551_lab2_22/lab2 submit/lab2 submit/source/regfile.v"/>
        <Attr Name="ImportTime" Val="1669083270"/>
        <Attr Name="UsedIn" Val="synthesis"/>
        <Attr Name="UsedIn" Val="implementation"/>
        <Attr Name="UsedIn" Val="simulation"/>
      </FileInfo>
    </File>
    <File Path="$PSRCDIR/sources_1/new/uart_rx.v">
      <FileInfo>
        <Attr Name="ImportPath" Val="$PPRDIR/../EC551_lab2_26/EC551_lab2_26.srcs/sources_1/new/uart_rx.v"/>
        <Attr Name="ImportTime" Val="1669231101"/>
        <Attr Name="UsedIn" Val="synthesis"/>
        <Attr Name="UsedIn" Val="implementation"/>
        <Attr Name="UsedIn" Val="simulation"/>
      </FileInfo>
    </File>
    <File Path="$PSRCDIR/sources_1/imports/source/UART_TX_CTRL.vhd">
      <FileInfo>
        <Attr Name="ImportPath" Val="$PPRDIR/../../ec551_lab2_22/lab2 submit/lab2 submit/source/UART_TX_CTRL.vhd"/>
        <Attr Name="ImportTime" Val="1669083270"/>
        <Attr Name="UsedIn" Val="synthesis"/>
        <Attr Name="UsedIn" Val="simulation"/>
      </FileInfo>
    </File>
    <File Path="$PSRCDIR/sources_1/imports/source/top.v">
      <FileInfo>
        <Attr Name="ImportPath" Val="$PPRDIR/../../ec551_lab2_22/lab2 submit/lab2 submit/source/top.v"/>
        <Attr Name="ImportTime" Val="1669083470"/>
        <Attr Name="UsedIn" Val="synthesis"/>
        <Attr Name="UsedIn" Val="implementation"/>
        <Attr Name="UsedIn" Val="simulation"/>
      </FileInfo>
    </File>
    <File Path="$PSRCDIR/sources_1/imports/new/bin_ascii_convert.v">
      <FileInfo>
        <Attr Name="AutoDisabled" Val="1"/>
        <Attr Name="ImportPath" Val="$PPRDIR/../../lab2/lab2.srcs/sources_1/new/bin_ascii_convert.v"/>
        <Attr Name="ImportTime" Val="1669352817"/>
        <Attr Name="UsedIn" Val="synthesis"/>
        <Attr Name="UsedIn" Val="implementation"/>
        <Attr Name="UsedIn" Val="simulation"/>
      </FileInfo>
    </File>
    <File Path="$PSRCDIR/sources_1/new/binTObcd_cpu.v">
      <FileInfo>
        <Attr Name="AutoDisabled" Val="1"/>
        <Attr Name="ImportPath" Val="$PPRDIR/../ec551_lab2_27/ec551_lab2_27.srcs/sources_1/new/binTObcd_cpu.v"/>
        <Attr Name="ImportTime" Val="1669352452"/>
        <Attr Name="UsedIn" Val="synthesis"/>
        <Attr Name="UsedIn" Val="implementation"/>
        <Attr Name="UsedIn" Val="simulation"/>
      </FileInfo>
    </File>
    <File Path="$PSRCDIR/sources_1/imports/source/kb_buffer.v">
      <FileInfo>
        <Attr Name="AutoDisabled" Val="1"/>
        <Attr Name="ImportPath" Val="$PPRDIR/../../ec551_lab2_22/lab2 submit/lab2 submit/source/kb_buffer.v"/>
        <Attr Name="ImportTime" Val="1669083270"/>
        <Attr Name="UsedIn" Val="synthesis"/>
        <Attr Name="UsedIn" Val="implementation"/>
        <Attr Name="UsedIn" Val="simulation"/>
      </FileInfo>
    </File>
    <Config>
      <Option Name="DesignMode" Val="RTL"/>
      <Option Name="TopModule" Val="top"/>
    </Config>
  </FileSet>
  <FileSet Name="constrs_in" Type="Constrs" RelSrcDir="$PSRCDIR/constrs_1">
    <Filter Type="Constrs"/>
    <File Path="$PSRCDIR/constrs_1/imports/new/lab2_demo.xdc">
      <FileInfo>
        <Attr Name="ImportPath" Val="$PPRDIR/../../ec551_lab2_22/EC551_Lab2_21/EC551_Lab2-main/project_lab2.srcs/constrs_1/new/lab2_demo.xdc"/>
        <Attr Name="ImportTime" Val="1669082971"/>
        <Attr Name="UsedIn" Val="synthesis"/>
        <Attr Name="UsedIn" Val="implementation"/>
      </FileInfo>
    </File>
    <Config>
      <Option Name="TargetConstrsFile" Val="$PSRCDIR/constrs_1/imports/new/lab2_demo.xdc"/>
      <Option Name="ConstrsType" Val="XDC"/>
    </Config>
  </FileSet>
  <FileSet Name="utils" Type="Utils" RelSrcDir="$PSRCDIR/utils_1">
    <Filter Type="Utils"/>
    <Config>
      <Option Name="TopAutoSet" Val="TRUE"/>
    </Config>
  </FileSet>
  <Strategy Version="1" Minor="2">
    <StratHandle Name="Vivado Implementation Defaults" Flow="Vivado Implementation 2019"/>
    <Step Id="init_design"/>
    <Step Id="opt_design"/>
    <Step Id="power_opt_design" EnableStepBool="1"/>
    <Step Id="place_design"/>
    <Step Id="post_place_power_opt_design" EnableStepBool="1"/>
    <Step Id="phys_opt_design" EnableStepBool="1"/>
    <Step Id="route_design"/>
    <Step Id="post_route_phys_opt_design"/>
    <Step Id="write_bitstream"/>
  </Strategy>
</GenRun>
