<?xml version="1.0" encoding="UTF-8"?>
<GenRun Id="impl_1" LaunchPart="xc7a100tcsg324-1" LaunchTime="1668062270">
  <File Type="ROUTE-PWR" Name="main_power_routed.rpt"/>
  <File Type="PA-TCL" Name="main.tcl"/>
  <File Type="BITSTR-MMI" Name="main.mmi"/>
  <File Type="OPT-METHODOLOGY-DRC" Name="main_methodology_drc_opted.rpt"/>
  <File Type="INIT-TIMING" Name="main_timing_summary_init.rpt"/>
  <File Type="ROUTE-PWR-SUM" Name="main_power_summary_routed.pb"/>
  <File Type="REPORTS-TCL" Name="main_reports.tcl"/>
  <File Type="OPT-TIMING" Name="main_timing_summary_opted.rpt"/>
  <File Type="OPT-DCP" Name="main_opt.dcp"/>
  <File Type="OPT-DRC" Name="main_drc_opted.rpt"/>
  <File Type="OPT-HWDEF" Name="main.hwdef"/>
  <File Type="PWROPT-DCP" Name="main_pwropt.dcp"/>
  <File Type="PWROPT-DRC" Name="main_drc_pwropted.rpt"/>
  <File Type="PWROPT-TIMING" Name="main_timing_summary_pwropted.rpt"/>
  <File Type="PLACE-DCP" Name="main_placed.dcp"/>
  <File Type="PLACE-IO" Name="main_io_placed.rpt"/>
  <File Type="PLACE-CLK" Name="main_clock_utilization_placed.rpt"/>
  <File Type="PLACE-UTIL" Name="main_utilization_placed.rpt"/>
  <File Type="PLACE-UTIL-PB" Name="main_utilization_placed.pb"/>
  <File Type="PLACE-CTRL" Name="main_control_sets_placed.rpt"/>
  <File Type="PLACE-SIMILARITY" Name="main_incremental_reuse_placed.rpt"/>
  <File Type="PLACE-PRE-SIMILARITY" Name="main_incremental_reuse_pre_placed.rpt"/>
  <File Type="BG-BIN" Name="main.bin"/>
  <File Type="PLACE-TIMING" Name="main_timing_summary_placed.rpt"/>
  <File Type="POSTPLACE-PWROPT-DCP" Name="main_postplace_pwropt.dcp"/>
  <File Type="BITSTR-MSK" Name="main.msk"/>
  <File Type="POSTPLACE-PWROPT-TIMING" Name="main_timing_summary_postplace_pwropted.rpt"/>
  <File Type="PHYSOPT-DCP" Name="main_physopt.dcp"/>
  <File Type="PHYSOPT-DRC" Name="main_drc_physopted.rpt"/>
  <File Type="BITSTR-RBT" Name="main.rbt"/>
  <File Type="PHYSOPT-TIMING" Name="main_timing_summary_physopted.rpt"/>
  <File Type="ROUTE-ERROR-DCP" Name="main_routed_error.dcp"/>
  <File Type="ROUTE-DCP" Name="main_routed.dcp"/>
  <File Type="ROUTE-BLACKBOX-DCP" Name="main_routed_bb.dcp"/>
  <File Type="ROUTE-DRC" Name="main_drc_routed.rpt"/>
  <File Type="ROUTE-DRC-PB" Name="main_drc_routed.pb"/>
  <File Type="ROUTE-DRC-RPX" Name="main_drc_routed.rpx"/>
  <File Type="ROUTE-METHODOLOGY-DRC" Name="main_methodology_drc_routed.rpt"/>
  <File Type="ROUTE-METHODOLOGY-DRC-RPX" Name="main_methodology_drc_routed.rpx"/>
  <File Type="ROUTE-METHODOLOGY-DRC-PB" Name="main_methodology_drc_routed.pb"/>
  <File Type="ROUTE-PWR-RPX" Name="main_power_routed.rpx"/>
  <File Type="ROUTE-STATUS" Name="main_route_status.rpt"/>
  <File Type="ROUTE-STATUS-PB" Name="main_route_status.pb"/>
  <File Type="ROUTE-TIMINGSUMMARY" Name="main_timing_summary_routed.rpt"/>
  <File Type="ROUTE-TIMING-PB" Name="main_timing_summary_routed.pb"/>
  <File Type="ROUTE-TIMING-RPX" Name="main_timing_summary_routed.rpx"/>
  <File Type="ROUTE-SIMILARITY" Name="main_incremental_reuse_routed.rpt"/>
  <File Type="ROUTE-CLK" Name="main_clock_utilization_routed.rpt"/>
  <File Type="ROUTE-BUS-SKEW" Name="main_bus_skew_routed.rpt"/>
  <File Type="ROUTE-BUS-SKEW-PB" Name="main_bus_skew_routed.pb"/>
  <File Type="ROUTE-BUS-SKEW-RPX" Name="main_bus_skew_routed.rpx"/>
  <File Type="POSTROUTE-PHYSOPT-DCP" Name="main_postroute_physopt.dcp"/>
  <File Type="POSTROUTE-PHYSOPT-BLACKBOX-DCP" Name="main_postroute_physopt_bb.dcp"/>
  <File Type="POSTROUTE-PHYSOPT-TIMING" Name="main_timing_summary_postroute_physopted.rpt"/>
  <File Type="POSTROUTE-PHYSOPT-TIMING-PB" Name="main_timing_summary_postroute_physopted.pb"/>
  <File Type="POSTROUTE-PHYSOPT-TIMING-RPX" Name="main_timing_summary_postroute_physopted.rpx"/>
  <File Type="POSTROUTE-PHYSOPT-BUS-SKEW" Name="main_bus_skew_postroute_physopted.rpt"/>
  <File Type="BG-BIT" Name="main.bit"/>
  <File Type="POSTROUTE-PHYSOPT-BUS-SKEW-PB" Name="main_bus_skew_postroute_physopted.pb"/>
  <File Type="POSTROUTE-PHYSOPT-BUS-SKEW-RPX" Name="main_bus_skew_postroute_physopted.rpx"/>
  <File Type="BITSTR-NKY" Name="main.nky"/>
  <File Type="BITSTR-BMM" Name="main_bd.bmm"/>
  <File Type="PDI-FILE" Name="main.pdi"/>
  <File Type="RCFI_FILE" Name="main.rcfi"/>
  <File Type="CFI_FILE" Name="main.cfi"/>
  <File Type="RNPI_FILE" Name="main.rnpi"/>
  <File Type="NPI_FILE" Name="main.npi"/>
  <File Type="RBD_FILE" Name="main.rbd"/>
  <File Type="BITSTR-LTX" Name="debug_nets.ltx"/>
  <File Type="BITSTR-LTX" Name="main.ltx"/>
  <File Type="BITSTR-SYSDEF" Name="main.sysdef"/>
  <File Type="BG-BGN" Name="main.bgn"/>
  <File Type="BG-DRC" Name="main.drc"/>
  <File Type="RDI-RDI" Name="main.vdi"/>
  <File Type="WBT-USG" Name="usage_statistics_webtalk.html"/>
  <File Type="ROUTE-RQS" Name="main_routed.rqs"/>
  <File Type="POSTROUTE-PHYSOPT-RQS" Name="main_postroute_physopted.rqs"/>
  <File Type="ROUTE-RQS-RPT" Name="route_report_qor_suggestions_0.rpt"/>
  <File Type="POSTROUTE-PHYSOPT-RQS-RPT" Name="postroute_physopt_report_qor_suggestions_0.rpt"/>
  <FileSet Name="sources" Type="DesignSrcs" RelSrcDir="$PSRCDIR/sources_1" RelGenDir="$PGENDIR/sources_1">
    <Filter Type="Srcs"/>
    <File Path="$PSRCDIR/sources_1/imports/Downloads/ec551-mas/ec551-master/labs/Lab2/submission/src/modules/alu.v">
      <FileInfo>
        <Attr Name="ImportPath" Val="$PPRDIR/../../Downloads/ec551-mas/ec551-master/labs/Lab2/submission/src/modules/alu.v"/>
        <Attr Name="ImportTime" Val="1668053574"/>
        <Attr Name="UsedIn" Val="synthesis"/>
        <Attr Name="UsedIn" Val="implementation"/>
        <Attr Name="UsedIn" Val="simulation"/>
      </FileInfo>
    </File>
    <File Path="$PSRCDIR/sources_1/imports/Downloads/ec551-mas/ec551-master/labs/Lab2/submission/src/modules/alu_command.v">
      <FileInfo>
        <Attr Name="ImportPath" Val="$PPRDIR/../../Downloads/ec551-mas/ec551-master/labs/Lab2/submission/src/modules/alu_command.v"/>
        <Attr Name="ImportTime" Val="1668053574"/>
        <Attr Name="UsedIn" Val="synthesis"/>
        <Attr Name="UsedIn" Val="implementation"/>
        <Attr Name="UsedIn" Val="simulation"/>
      </FileInfo>
    </File>
    <File Path="$PSRCDIR/sources_1/imports/Downloads/ec551-mas/ec551-master/labs/Lab2/submission/src/modules/bench_command.v">
      <FileInfo>
        <Attr Name="ImportPath" Val="$PPRDIR/../../Downloads/ec551-mas/ec551-master/labs/Lab2/submission/src/modules/bench_command.v"/>
        <Attr Name="ImportTime" Val="1668053574"/>
        <Attr Name="UsedIn" Val="synthesis"/>
        <Attr Name="UsedIn" Val="implementation"/>
        <Attr Name="UsedIn" Val="simulation"/>
      </FileInfo>
    </File>
    <File Path="$PSRCDIR/sources_1/imports/Downloads/ec551-mas/ec551-master/labs/Lab2/submission/src/modules/regfile.v">
      <FileInfo>
        <Attr Name="ImportPath" Val="$PPRDIR/../../Downloads/ec551-mas/ec551-master/labs/Lab2/submission/src/modules/regfile.v"/>
        <Attr Name="ImportTime" Val="1668053574"/>
        <Attr Name="UsedIn" Val="synthesis"/>
        <Attr Name="UsedIn" Val="implementation"/>
        <Attr Name="UsedIn" Val="simulation"/>
      </FileInfo>
    </File>
    <File Path="$PSRCDIR/sources_1/imports/Downloads/ec551-mas/ec551-master/labs/Lab2/submission/src/modules/idecode.v">
      <FileInfo>
        <Attr Name="ImportPath" Val="$PPRDIR/../../Downloads/ec551-mas/ec551-master/labs/Lab2/submission/src/modules/idecode.v"/>
        <Attr Name="ImportTime" Val="1668053574"/>
        <Attr Name="UsedIn" Val="synthesis"/>
        <Attr Name="UsedIn" Val="implementation"/>
        <Attr Name="UsedIn" Val="simulation"/>
      </FileInfo>
    </File>
    <File Path="$PSRCDIR/sources_1/imports/Downloads/ec551-mas/ec551-master/labs/Lab2/submission/src/modules/memory.v">
      <FileInfo>
        <Attr Name="ImportPath" Val="$PPRDIR/../../Downloads/ec551-mas/ec551-master/labs/Lab2/submission/src/modules/memory.v"/>
        <Attr Name="ImportTime" Val="1668053574"/>
        <Attr Name="UsedIn" Val="synthesis"/>
        <Attr Name="UsedIn" Val="implementation"/>
        <Attr Name="UsedIn" Val="simulation"/>
      </FileInfo>
    </File>
    <File Path="$PSRCDIR/sources_1/imports/Downloads/ec551-mas/ec551-master/labs/Lab2/submission/src/modules/cpu.v">
      <FileInfo>
        <Attr Name="ImportPath" Val="$PPRDIR/../../Downloads/ec551-mas/ec551-master/labs/Lab2/submission/src/modules/cpu.v"/>
        <Attr Name="ImportTime" Val="1668053574"/>
        <Attr Name="UsedIn" Val="synthesis"/>
        <Attr Name="UsedIn" Val="implementation"/>
        <Attr Name="UsedIn" Val="simulation"/>
      </FileInfo>
    </File>
    <File Path="$PSRCDIR/sources_1/imports/Downloads/ec551-mas/ec551-master/labs/Lab2/submission/src/modules/cpu_command.v">
      <FileInfo>
        <Attr Name="ImportPath" Val="$PPRDIR/../../Downloads/ec551-mas/ec551-master/labs/Lab2/submission/src/modules/cpu_command.v"/>
        <Attr Name="ImportTime" Val="1668053574"/>
        <Attr Name="UsedIn" Val="synthesis"/>
        <Attr Name="UsedIn" Val="implementation"/>
        <Attr Name="UsedIn" Val="simulation"/>
      </FileInfo>
    </File>
    <File Path="$PSRCDIR/sources_1/imports/Downloads/ec551-mas/ec551-master/labs/Lab2/submission/src/modules/intro_command.v">
      <FileInfo>
        <Attr Name="ImportPath" Val="$PPRDIR/../../Downloads/ec551-mas/ec551-master/labs/Lab2/submission/src/modules/intro_command.v"/>
        <Attr Name="ImportTime" Val="1668053574"/>
        <Attr Name="UsedIn" Val="synthesis"/>
        <Attr Name="UsedIn" Val="implementation"/>
        <Attr Name="UsedIn" Val="simulation"/>
      </FileInfo>
    </File>
    <File Path="$PSRCDIR/sources_1/imports/Downloads/ec551-mas/ec551-master/labs/Lab2/submission/src/modules/kb_buffer.v">
      <FileInfo>
        <Attr Name="ImportPath" Val="$PPRDIR/../../Downloads/ec551-mas/ec551-master/labs/Lab2/submission/src/modules/kb_buffer.v"/>
        <Attr Name="ImportTime" Val="1668053574"/>
        <Attr Name="UsedIn" Val="synthesis"/>
        <Attr Name="UsedIn" Val="implementation"/>
        <Attr Name="UsedIn" Val="simulation"/>
      </FileInfo>
    </File>
    <File Path="$PSRCDIR/sources_1/imports/Downloads/ec551-mas/ec551-master/labs/Lab2/submission/src/modules/kb_code_ascii_convert.v">
      <FileInfo>
        <Attr Name="ImportPath" Val="$PPRDIR/../../Downloads/ec551-mas/ec551-master/labs/Lab2/submission/src/modules/kb_code_ascii_convert.v"/>
        <Attr Name="ImportTime" Val="1668053574"/>
        <Attr Name="UsedIn" Val="synthesis"/>
        <Attr Name="UsedIn" Val="implementation"/>
        <Attr Name="UsedIn" Val="simulation"/>
      </FileInfo>
    </File>
    <File Path="$PSRCDIR/sources_1/imports/Downloads/ec551-mas/ec551-master/labs/Lab2/submission/src/modules/keyboard_controller.v">
      <FileInfo>
        <Attr Name="ImportPath" Val="$PPRDIR/../../Downloads/ec551-mas/ec551-master/labs/Lab2/submission/src/modules/keyboard_controller.v"/>
        <Attr Name="ImportTime" Val="1668054468"/>
        <Attr Name="UsedIn" Val="synthesis"/>
        <Attr Name="UsedIn" Val="implementation"/>
        <Attr Name="UsedIn" Val="simulation"/>
      </FileInfo>
    </File>
    <File Path="$PSRCDIR/sources_1/imports/Downloads/ec551-mas/ec551-master/labs/Lab2/submission/src/modules/logic.v">
      <FileInfo>
        <Attr Name="ImportPath" Val="$PPRDIR/../../Downloads/ec551-mas/ec551-master/labs/Lab2/submission/src/modules/logic.v"/>
        <Attr Name="ImportTime" Val="1668054530"/>
        <Attr Name="UsedIn" Val="synthesis"/>
        <Attr Name="UsedIn" Val="implementation"/>
        <Attr Name="UsedIn" Val="simulation"/>
      </FileInfo>
    </File>
    <File Path="$PSRCDIR/sources_1/imports/Downloads/ec551-mas/ec551-master/labs/Lab2/submission/src/modules/printer.v">
      <FileInfo>
        <Attr Name="ImportPath" Val="$PPRDIR/../../Downloads/ec551-mas/ec551-master/labs/Lab2/submission/src/modules/printer.v"/>
        <Attr Name="ImportTime" Val="1668053895"/>
        <Attr Name="UsedIn" Val="synthesis"/>
        <Attr Name="UsedIn" Val="implementation"/>
        <Attr Name="UsedIn" Val="simulation"/>
      </FileInfo>
    </File>
    <File Path="$PSRCDIR/sources_1/imports/Downloads/ec551-mas/ec551-master/labs/Lab2/submission/src/modules/scheduler.v">
      <FileInfo>
        <Attr Name="ImportPath" Val="$PPRDIR/../../Downloads/ec551-mas/ec551-master/labs/Lab2/submission/src/modules/scheduler.v"/>
        <Attr Name="ImportTime" Val="1668053574"/>
        <Attr Name="UsedIn" Val="synthesis"/>
        <Attr Name="UsedIn" Val="implementation"/>
        <Attr Name="UsedIn" Val="simulation"/>
      </FileInfo>
    </File>
    <File Path="$PSRCDIR/sources_1/imports/Downloads/ec551-mas/ec551-master/labs/Lab2/submission/src/modules/seg_display.v">
      <FileInfo>
        <Attr Name="ImportPath" Val="$PPRDIR/../../Downloads/ec551-mas/ec551-master/labs/Lab2/submission/src/modules/seg_display.v"/>
        <Attr Name="ImportTime" Val="1668054441"/>
        <Attr Name="UsedIn" Val="synthesis"/>
        <Attr Name="UsedIn" Val="implementation"/>
        <Attr Name="UsedIn" Val="simulation"/>
      </FileInfo>
    </File>
    <File Path="$PSRCDIR/sources_1/imports/Downloads/ec551-mas/ec551-master/labs/Lab2/submission/src/modules/uart_rx.v">
      <FileInfo>
        <Attr Name="ImportPath" Val="$PPRDIR/../../Downloads/ec551-mas/ec551-master/labs/Lab2/submission/src/modules/uart_rx.v"/>
        <Attr Name="ImportTime" Val="1668053575"/>
        <Attr Name="UsedIn" Val="synthesis"/>
        <Attr Name="UsedIn" Val="implementation"/>
        <Attr Name="UsedIn" Val="simulation"/>
      </FileInfo>
    </File>
    <File Path="$PSRCDIR/sources_1/imports/Downloads/ec551-mas/ec551-master/labs/Lab2/submission/src/modules/uart_tx.v">
      <FileInfo>
        <Attr Name="ImportPath" Val="$PPRDIR/../../Downloads/ec551-mas/ec551-master/labs/Lab2/submission/src/modules/uart_tx.v"/>
        <Attr Name="ImportTime" Val="1668053575"/>
        <Attr Name="UsedIn" Val="synthesis"/>
        <Attr Name="UsedIn" Val="implementation"/>
        <Attr Name="UsedIn" Val="simulation"/>
      </FileInfo>
    </File>
    <File Path="$PSRCDIR/sources_1/imports/Downloads/Nexys-A7-100T-GPIO-2018.2-1/Nexys-A7-100T-GPIO-2018.2-1/src/hdl/UART_TX_CTRL.vhd">
      <FileInfo>
        <Attr Name="ImportPath" Val="$PPRDIR/../../Downloads/Nexys-A7-100T-GPIO-2018.2-1/Nexys-A7-100T-GPIO-2018.2-1/src/hdl/UART_TX_CTRL.vhd"/>
        <Attr Name="ImportTime" Val="1667354224"/>
        <Attr Name="UsedIn" Val="synthesis"/>
        <Attr Name="UsedIn" Val="simulation"/>
      </FileInfo>
    </File>
    <File Path="$PSRCDIR/sources_1/imports/Downloads/ec551-mas/ec551-master/labs/Lab2/submission/src/modules/main.v">
      <FileInfo>
        <Attr Name="ImportPath" Val="$PPRDIR/../../Downloads/ec551-mas/ec551-master/labs/Lab2/submission/src/modules/main.v"/>
        <Attr Name="ImportTime" Val="1668056104"/>
        <Attr Name="UsedIn" Val="synthesis"/>
        <Attr Name="UsedIn" Val="implementation"/>
        <Attr Name="UsedIn" Val="simulation"/>
      </FileInfo>
    </File>
    <File Path="$PSRCDIR/sources_1/imports/Downloads/ec551-mas/ec551-master/labs/Lab2/submission/src/modules/uart_tx_buffer.v">
      <FileInfo>
        <Attr Name="AutoDisabled" Val="1"/>
        <Attr Name="ImportPath" Val="$PPRDIR/../../Downloads/ec551-mas/ec551-master/labs/Lab2/submission/src/modules/uart_tx_buffer.v"/>
        <Attr Name="ImportTime" Val="1668053575"/>
        <Attr Name="UsedIn" Val="synthesis"/>
        <Attr Name="UsedIn" Val="implementation"/>
        <Attr Name="UsedIn" Val="simulation"/>
      </FileInfo>
    </File>
    <File Path="$PSRCDIR/sources_1/new/top.v">
      <FileInfo>
        <Attr Name="AutoDisabled" Val="1"/>
        <Attr Name="ImportPath" Val="$PPRDIR/../eac551_lab2_new/eac551_lab2_new.srcs/sources_1/new/top.v"/>
        <Attr Name="ImportTime" Val="1668058269"/>
        <Attr Name="UsedIn" Val="synthesis"/>
        <Attr Name="UsedIn" Val="implementation"/>
        <Attr Name="UsedIn" Val="simulation"/>
      </FileInfo>
    </File>
    <File Path="$PSRCDIR/sources_1/imports/Downloads/Nexys-A7-100T-Keyboard-master/Nexys-A7-100T-Keyboard-master/src/hdl/PS2Receiver.v">
      <FileInfo>
        <Attr Name="AutoDisabled" Val="1"/>
        <Attr Name="ImportPath" Val="$PPRDIR/../../Downloads/Nexys-A7-100T-Keyboard-master/Nexys-A7-100T-Keyboard-master/src/hdl/PS2Receiver.v"/>
        <Attr Name="ImportTime" Val="1667966965"/>
        <Attr Name="UsedIn" Val="synthesis"/>
        <Attr Name="UsedIn" Val="implementation"/>
        <Attr Name="UsedIn" Val="simulation"/>
      </FileInfo>
    </File>
    <File Path="$PSRCDIR/sources_1/imports/Downloads/Nexys-A7-100T-Keyboard-master/Nexys-A7-100T-Keyboard-master/src/hdl/debouncer.v">
      <FileInfo>
        <Attr Name="AutoDisabled" Val="1"/>
        <Attr Name="ImportPath" Val="$PPRDIR/../../Downloads/Nexys-A7-100T-Keyboard-master/Nexys-A7-100T-Keyboard-master/src/hdl/debouncer.v"/>
        <Attr Name="ImportTime" Val="1667966965"/>
        <Attr Name="UsedIn" Val="synthesis"/>
        <Attr Name="UsedIn" Val="implementation"/>
        <Attr Name="UsedIn" Val="simulation"/>
      </FileInfo>
    </File>
    <Config>
      <Option Name="DesignMode" Val="RTL"/>
      <Option Name="TopModule" Val="main"/>
    </Config>
  </FileSet>
  <FileSet Name="constrs_in" Type="Constrs" RelSrcDir="$PSRCDIR/constrs_1">
    <Filter Type="Constrs"/>
    <File Path="$PSRCDIR/constrs_1/new/lab2_new.xdc">
      <FileInfo>
        <Attr Name="ImportPath" Val="$PPRDIR/../eac551_lab2_new/eac551_lab2_new.srcs/constrs_1/new/lab2_new.xdc"/>
        <Attr Name="ImportTime" Val="1668057864"/>
        <Attr Name="UsedIn" Val="synthesis"/>
        <Attr Name="UsedIn" Val="implementation"/>
      </FileInfo>
    </File>
    <Config>
      <Option Name="TargetConstrsFile" Val="$PSRCDIR/constrs_1/new/lab2_new.xdc"/>
      <Option Name="ConstrsType" Val="XDC"/>
    </Config>
  </FileSet>
  <FileSet Name="utils" Type="Utils" RelSrcDir="$PSRCDIR/utils_1">
    <Filter Type="Utils"/>
    <File Path="$PSRCDIR/utils_1/imports/synth_1/main.dcp">
      <FileInfo>
        <Attr Name="ImportPath" Val="$PPRDIR/../eac551_lab2_new/eac551_lab2_new.srcs/utils_1/imports/synth_1/main.dcp"/>
        <Attr Name="ImportTime" Val="1668058276"/>
        <Attr Name="UsedIn" Val="synthesis"/>
        <Attr Name="UsedIn" Val="implementation"/>
        <Attr Name="UsedInSteps" Val="synth_1"/>
        <Attr Name="AutoDcp" Val="1"/>
      </FileInfo>
    </File>
    <Config>
      <Option Name="TopAutoSet" Val="TRUE"/>
    </Config>
  </FileSet>
  <Strategy Version="1" Minor="2">
    <StratHandle Name="Vivado Implementation Defaults" Flow="Vivado Implementation 2022"/>
    <Step Id="init_design"/>
    <Step Id="opt_design"/>
    <Step Id="power_opt_design"/>
    <Step Id="place_design"/>
    <Step Id="post_place_power_opt_design"/>
    <Step Id="phys_opt_design"/>
    <Step Id="route_design"/>
    <Step Id="post_route_phys_opt_design"/>
    <Step Id="write_bitstream"/>
  </Strategy>
</GenRun>
