<?xml version="1.0" encoding="UTF-8"?>
<GenRun Id="synth_1" LaunchPart="xc7a100tcsg324-1" LaunchTime="1668062186" LaunchIncrCheckpoint="$PSRCDIR/utils_1/imports/synth_1/main.dcp">
  <File Type="PA-TCL" Name="main.tcl"/>
  <File Type="RDS-PROPCONSTRS" Name="main_drc_synth.rpt"/>
  <File Type="REPORTS-TCL" Name="main_reports.tcl"/>
  <File Type="RDS-RDS" Name="main.vds"/>
  <File Type="RDS-UTIL" Name="main_utilization_synth.rpt"/>
  <File Type="RDS-UTIL-PB" Name="main_utilization_synth.pb"/>
  <File Type="RDS-DCP" Name="main.dcp"/>
  <File Type="VDS-TIMINGSUMMARY" Name="main_timing_summary_synth.rpt"/>
  <File Type="VDS-TIMING-PB" Name="main_timing_summary_synth.pb"/>
  <FileSet Name="sources" Type="DesignSrcs" RelSrcDir="$PSRCDIR/sources_1" RelGenDir="$PGENDIR/sources_1">
    <Filter Type="Srcs"/>
    <File Path="$PSRCDIR/sources_1/imports/Downloads/ec551-mas/ec551-master/labs/Lab2/submission/src/modules/alu.v">
      <FileInfo>
        <Attr Name="ImportPath" Val="$PPRDIR/../../Downloads/ec551-mas/ec551-master/labs/Lab2/submission/src/modules/alu.v"/>
        <Attr Name="ImportTime" Val="1668053574"/>
        <Attr Name="UsedIn" Val="synthesis"/>
        <Attr Name="UsedIn" Val="implementation"/>
        <Attr Name="UsedIn" Val="simulation"/>
      </FileInfo>
    </File>
    <File Path="$PSRCDIR/sources_1/imports/Downloads/ec551-mas/ec551-master/labs/Lab2/submission/src/modules/alu_command.v">
      <FileInfo>
        <Attr Name="ImportPath" Val="$PPRDIR/../../Downloads/ec551-mas/ec551-master/labs/Lab2/submission/src/modules/alu_command.v"/>
        <Attr Name="ImportTime" Val="1668053574"/>
        <Attr Name="UsedIn" Val="synthesis"/>
        <Attr Name="UsedIn" Val="implementation"/>
        <Attr Name="UsedIn" Val="simulation"/>
      </FileInfo>
    </File>
    <File Path="$PSRCDIR/sources_1/imports/Downloads/ec551-mas/ec551-master/labs/Lab2/submission/src/modules/bench_command.v">
      <FileInfo>
        <Attr Name="ImportPath" Val="$PPRDIR/../../Downloads/ec551-mas/ec551-master/labs/Lab2/submission/src/modules/bench_command.v"/>
        <Attr Name="ImportTime" Val="1668053574"/>
        <Attr Name="UsedIn" Val="synthesis"/>
        <Attr Name="UsedIn" Val="implementation"/>
        <Attr Name="UsedIn" Val="simulation"/>
      </FileInfo>
    </File>
    <File Path="$PSRCDIR/sources_1/imports/Downloads/ec551-mas/ec551-master/labs/Lab2/submission/src/modules/regfile.v">
      <FileInfo>
        <Attr Name="ImportPath" Val="$PPRDIR/../../Downloads/ec551-mas/ec551-master/labs/Lab2/submission/src/modules/regfile.v"/>
        <Attr Name="ImportTime" Val="1668053574"/>
        <Attr Name="UsedIn" Val="synthesis"/>
        <Attr Name="UsedIn" Val="implementation"/>
        <Attr Name="UsedIn" Val="simulation"/>
      </FileInfo>
    </File>
    <File Path="$PSRCDIR/sources_1/imports/Downloads/ec551-mas/ec551-master/labs/Lab2/submission/src/modules/idecode.v">
      <FileInfo>
        <Attr Name="ImportPath" Val="$PPRDIR/../../Downloads/ec551-mas/ec551-master/labs/Lab2/submission/src/modules/idecode.v"/>
        <Attr Name="ImportTime" Val="1668053574"/>
        <Attr Name="UsedIn" Val="synthesis"/>
        <Attr Name="UsedIn" Val="implementation"/>
        <Attr Name="UsedIn" Val="simulation"/>
      </FileInfo>
    </File>
    <File Path="$PSRCDIR/sources_1/imports/Downloads/ec551-mas/ec551-master/labs/Lab2/submission/src/modules/memory.v">
      <FileInfo>
        <Attr Name="ImportPath" Val="$PPRDIR/../../Downloads/ec551-mas/ec551-master/labs/Lab2/submission/src/modules/memory.v"/>
        <Attr Name="ImportTime" Val="1668053574"/>
        <Attr Name="UsedIn" Val="synthesis"/>
        <Attr Name="UsedIn" Val="implementation"/>
        <Attr Name="UsedIn" Val="simulation"/>
      </FileInfo>
    </File>
    <File Path="$PSRCDIR/sources_1/imports/Downloads/ec551-mas/ec551-master/labs/Lab2/submission/src/modules/cpu.v">
      <FileInfo>
        <Attr Name="ImportPath" Val="$PPRDIR/../../Downloads/ec551-mas/ec551-master/labs/Lab2/submission/src/modules/cpu.v"/>
        <Attr Name="ImportTime" Val="1668053574"/>
        <Attr Name="UsedIn" Val="synthesis"/>
        <Attr Name="UsedIn" Val="implementation"/>
        <Attr Name="UsedIn" Val="simulation"/>
      </FileInfo>
    </File>
    <File Path="$PSRCDIR/sources_1/imports/Downloads/ec551-mas/ec551-master/labs/Lab2/submission/src/modules/cpu_command.v">
      <FileInfo>
        <Attr Name="ImportPath" Val="$PPRDIR/../../Downloads/ec551-mas/ec551-master/labs/Lab2/submission/src/modules/cpu_command.v"/>
        <Attr Name="ImportTime" Val="1668053574"/>
        <Attr Name="UsedIn" Val="synthesis"/>
        <Attr Name="UsedIn" Val="implementation"/>
        <Attr Name="UsedIn" Val="simulation"/>
      </FileInfo>
    </File>
    <File Path="$PSRCDIR/sources_1/imports/Downloads/ec551-mas/ec551-master/labs/Lab2/submission/src/modules/intro_command.v">
      <FileInfo>
        <Attr Name="ImportPath" Val="$PPRDIR/../../Downloads/ec551-mas/ec551-master/labs/Lab2/submission/src/modules/intro_command.v"/>
        <Attr Name="ImportTime" Val="1668053574"/>
        <Attr Name="UsedIn" Val="synthesis"/>
        <Attr Name="UsedIn" Val="implementation"/>
        <Attr Name="UsedIn" Val="simulation"/>
      </FileInfo>
    </File>
    <File Path="$PSRCDIR/sources_1/imports/Downloads/ec551-mas/ec551-master/labs/Lab2/submission/src/modules/kb_buffer.v">
      <FileInfo>
        <Attr Name="ImportPath" Val="$PPRDIR/../../Downloads/ec551-mas/ec551-master/labs/Lab2/submission/src/modules/kb_buffer.v"/>
        <Attr Name="ImportTime" Val="1668053574"/>
        <Attr Name="UsedIn" Val="synthesis"/>
        <Attr Name="UsedIn" Val="implementation"/>
        <Attr Name="UsedIn" Val="simulation"/>
      </FileInfo>
    </File>
    <File Path="$PSRCDIR/sources_1/imports/Downloads/ec551-mas/ec551-master/labs/Lab2/submission/src/modules/kb_code_ascii_convert.v">
      <FileInfo>
        <Attr Name="ImportPath" Val="$PPRDIR/../../Downloads/ec551-mas/ec551-master/labs/Lab2/submission/src/modules/kb_code_ascii_convert.v"/>
        <Attr Name="ImportTime" Val="1668053574"/>
        <Attr Name="UsedIn" Val="synthesis"/>
        <Attr Name="UsedIn" Val="implementation"/>
        <Attr Name="UsedIn" Val="simulation"/>
      </FileInfo>
    </File>
    <File Path="$PSRCDIR/sources_1/imports/Downloads/ec551-mas/ec551-master/labs/Lab2/submission/src/modules/keyboard_controller.v">
      <FileInfo>
        <Attr Name="ImportPath" Val="$PPRDIR/../../Downloads/ec551-mas/ec551-master/labs/Lab2/submission/src/modules/keyboard_controller.v"/>
        <Attr Name="ImportTime" Val="1668054468"/>
        <Attr Name="UsedIn" Val="synthesis"/>
        <Attr Name="UsedIn" Val="implementation"/>
        <Attr Name="UsedIn" Val="simulation"/>
      </FileInfo>
    </File>
    <File Path="$PSRCDIR/sources_1/imports/Downloads/ec551-mas/ec551-master/labs/Lab2/submission/src/modules/logic.v">
      <FileInfo>
        <Attr Name="ImportPath" Val="$PPRDIR/../../Downloads/ec551-mas/ec551-master/labs/Lab2/submission/src/modules/logic.v"/>
        <Attr Name="ImportTime" Val="1668054530"/>
        <Attr Name="UsedIn" Val="synthesis"/>
        <Attr Name="UsedIn" Val="implementation"/>
        <Attr Name="UsedIn" Val="simulation"/>
      </FileInfo>
    </File>
    <File Path="$PSRCDIR/sources_1/imports/Downloads/ec551-mas/ec551-master/labs/Lab2/submission/src/modules/printer.v">
      <FileInfo>
        <Attr Name="ImportPath" Val="$PPRDIR/../../Downloads/ec551-mas/ec551-master/labs/Lab2/submission/src/modules/printer.v"/>
        <Attr Name="ImportTime" Val="1668053895"/>
        <Attr Name="UsedIn" Val="synthesis"/>
        <Attr Name="UsedIn" Val="implementation"/>
        <Attr Name="UsedIn" Val="simulation"/>
      </FileInfo>
    </File>
    <File Path="$PSRCDIR/sources_1/imports/Downloads/ec551-mas/ec551-master/labs/Lab2/submission/src/modules/scheduler.v">
      <FileInfo>
        <Attr Name="ImportPath" Val="$PPRDIR/../../Downloads/ec551-mas/ec551-master/labs/Lab2/submission/src/modules/scheduler.v"/>
        <Attr Name="ImportTime" Val="1668053574"/>
        <Attr Name="UsedIn" Val="synthesis"/>
        <Attr Name="UsedIn" Val="implementation"/>
        <Attr Name="UsedIn" Val="simulation"/>
      </FileInfo>
    </File>
    <File Path="$PSRCDIR/sources_1/imports/Downloads/ec551-mas/ec551-master/labs/Lab2/submission/src/modules/seg_display.v">
      <FileInfo>
        <Attr Name="ImportPath" Val="$PPRDIR/../../Downloads/ec551-mas/ec551-master/labs/Lab2/submission/src/modules/seg_display.v"/>
        <Attr Name="ImportTime" Val="1668054441"/>
        <Attr Name="UsedIn" Val="synthesis"/>
        <Attr Name="UsedIn" Val="implementation"/>
        <Attr Name="UsedIn" Val="simulation"/>
      </FileInfo>
    </File>
    <File Path="$PSRCDIR/sources_1/imports/Downloads/ec551-mas/ec551-master/labs/Lab2/submission/src/modules/uart_rx.v">
      <FileInfo>
        <Attr Name="ImportPath" Val="$PPRDIR/../../Downloads/ec551-mas/ec551-master/labs/Lab2/submission/src/modules/uart_rx.v"/>
        <Attr Name="ImportTime" Val="1668053575"/>
        <Attr Name="UsedIn" Val="synthesis"/>
        <Attr Name="UsedIn" Val="implementation"/>
        <Attr Name="UsedIn" Val="simulation"/>
      </FileInfo>
    </File>
    <File Path="$PSRCDIR/sources_1/imports/Downloads/ec551-mas/ec551-master/labs/Lab2/submission/src/modules/uart_tx.v">
      <FileInfo>
        <Attr Name="ImportPath" Val="$PPRDIR/../../Downloads/ec551-mas/ec551-master/labs/Lab2/submission/src/modules/uart_tx.v"/>
        <Attr Name="ImportTime" Val="1668053575"/>
        <Attr Name="UsedIn" Val="synthesis"/>
        <Attr Name="UsedIn" Val="implementation"/>
        <Attr Name="UsedIn" Val="simulation"/>
      </FileInfo>
    </File>
    <File Path="$PSRCDIR/sources_1/imports/Downloads/Nexys-A7-100T-GPIO-2018.2-1/Nexys-A7-100T-GPIO-2018.2-1/src/hdl/UART_TX_CTRL.vhd">
      <FileInfo>
        <Attr Name="ImportPath" Val="$PPRDIR/../../Downloads/Nexys-A7-100T-GPIO-2018.2-1/Nexys-A7-100T-GPIO-2018.2-1/src/hdl/UART_TX_CTRL.vhd"/>
        <Attr Name="ImportTime" Val="1667354224"/>
        <Attr Name="UsedIn" Val="synthesis"/>
        <Attr Name="UsedIn" Val="simulation"/>
      </FileInfo>
    </File>
    <File Path="$PSRCDIR/sources_1/imports/Downloads/ec551-mas/ec551-master/labs/Lab2/submission/src/modules/main.v">
      <FileInfo>
        <Attr Name="ImportPath" Val="$PPRDIR/../../Downloads/ec551-mas/ec551-master/labs/Lab2/submission/src/modules/main.v"/>
        <Attr Name="ImportTime" Val="1668056104"/>
        <Attr Name="UsedIn" Val="synthesis"/>
        <Attr Name="UsedIn" Val="implementation"/>
        <Attr Name="UsedIn" Val="simulation"/>
      </FileInfo>
    </File>
    <File Path="$PSRCDIR/sources_1/imports/Downloads/ec551-mas/ec551-master/labs/Lab2/submission/src/modules/uart_tx_buffer.v">
      <FileInfo>
        <Attr Name="AutoDisabled" Val="1"/>
        <Attr Name="ImportPath" Val="$PPRDIR/../../Downloads/ec551-mas/ec551-master/labs/Lab2/submission/src/modules/uart_tx_buffer.v"/>
        <Attr Name="ImportTime" Val="1668053575"/>
        <Attr Name="UsedIn" Val="synthesis"/>
        <Attr Name="UsedIn" Val="implementation"/>
        <Attr Name="UsedIn" Val="simulation"/>
      </FileInfo>
    </File>
    <File Path="$PSRCDIR/sources_1/new/top.v">
      <FileInfo>
        <Attr Name="AutoDisabled" Val="1"/>
        <Attr Name="ImportPath" Val="$PPRDIR/../eac551_lab2_new/eac551_lab2_new.srcs/sources_1/new/top.v"/>
        <Attr Name="ImportTime" Val="1668058269"/>
        <Attr Name="UsedIn" Val="synthesis"/>
        <Attr Name="UsedIn" Val="implementation"/>
        <Attr Name="UsedIn" Val="simulation"/>
      </FileInfo>
    </File>
    <File Path="$PSRCDIR/sources_1/imports/Downloads/Nexys-A7-100T-Keyboard-master/Nexys-A7-100T-Keyboard-master/src/hdl/PS2Receiver.v">
      <FileInfo>
        <Attr Name="AutoDisabled" Val="1"/>
        <Attr Name="ImportPath" Val="$PPRDIR/../../Downloads/Nexys-A7-100T-Keyboard-master/Nexys-A7-100T-Keyboard-master/src/hdl/PS2Receiver.v"/>
        <Attr Name="ImportTime" Val="1667966965"/>
        <Attr Name="UsedIn" Val="synthesis"/>
        <Attr Name="UsedIn" Val="implementation"/>
        <Attr Name="UsedIn" Val="simulation"/>
      </FileInfo>
    </File>
    <File Path="$PSRCDIR/sources_1/imports/Downloads/Nexys-A7-100T-Keyboard-master/Nexys-A7-100T-Keyboard-master/src/hdl/debouncer.v">
      <FileInfo>
        <Attr Name="AutoDisabled" Val="1"/>
        <Attr Name="ImportPath" Val="$PPRDIR/../../Downloads/Nexys-A7-100T-Keyboard-master/Nexys-A7-100T-Keyboard-master/src/hdl/debouncer.v"/>
        <Attr Name="ImportTime" Val="1667966965"/>
        <Attr Name="UsedIn" Val="synthesis"/>
        <Attr Name="UsedIn" Val="implementation"/>
        <Attr Name="UsedIn" Val="simulation"/>
      </FileInfo>
    </File>
    <Config>
      <Option Name="DesignMode" Val="RTL"/>
      <Option Name="TopModule" Val="main"/>
    </Config>
  </FileSet>
  <FileSet Name="constrs_in" Type="Constrs" RelSrcDir="$PSRCDIR/constrs_1">
    <Filter Type="Constrs"/>
    <File Path="$PSRCDIR/constrs_1/new/lab2_new.xdc">
      <FileInfo>
        <Attr Name="ImportPath" Val="$PPRDIR/../eac551_lab2_new/eac551_lab2_new.srcs/constrs_1/new/lab2_new.xdc"/>
        <Attr Name="ImportTime" Val="1668057864"/>
        <Attr Name="UsedIn" Val="synthesis"/>
        <Attr Name="UsedIn" Val="implementation"/>
      </FileInfo>
    </File>
    <Config>
      <Option Name="TargetConstrsFile" Val="$PSRCDIR/constrs_1/new/lab2_new.xdc"/>
      <Option Name="ConstrsType" Val="XDC"/>
    </Config>
  </FileSet>
  <FileSet Name="utils" Type="Utils" RelSrcDir="$PSRCDIR/utils_1">
    <Filter Type="Utils"/>
    <File Path="$PSRCDIR/utils_1/imports/synth_1/main.dcp">
      <FileInfo>
        <Attr Name="ImportPath" Val="$PPRDIR/../eac551_lab2_new/eac551_lab2_new.srcs/utils_1/imports/synth_1/main.dcp"/>
        <Attr Name="ImportTime" Val="1668058276"/>
        <Attr Name="UsedIn" Val="synthesis"/>
        <Attr Name="UsedIn" Val="implementation"/>
        <Attr Name="UsedInSteps" Val="synth_1"/>
        <Attr Name="AutoDcp" Val="1"/>
      </FileInfo>
    </File>
    <Config>
      <Option Name="TopAutoSet" Val="TRUE"/>
    </Config>
  </FileSet>
  <Strategy Version="1" Minor="2">
    <StratHandle Name="Vivado Synthesis Defaults" Flow="Vivado Synthesis 2022"/>
    <Step Id="synth_design"/>
  </Strategy>
</GenRun>
