<?xml version="1.0" encoding="UTF-8"?>
<GenRun Id="synth_1" LaunchPart="xc7a100tcsg324-1" LaunchTime="1669688428">
  <File Type="PA-TCL" Name="top.tcl"/>
  <File Type="RDS-PROPCONSTRS" Name="top_drc_synth.rpt"/>
  <File Type="REPORTS-TCL" Name="top_reports.tcl"/>
  <File Type="RDS-RDS" Name="top.vds"/>
  <File Type="RDS-UTIL" Name="top_utilization_synth.rpt"/>
  <File Type="RDS-UTIL-PB" Name="top_utilization_synth.pb"/>
  <File Type="RDS-DCP" Name="top.dcp"/>
  <File Type="VDS-TIMINGSUMMARY" Name="top_timing_summary_synth.rpt"/>
  <File Type="VDS-TIMING-PB" Name="top_timing_summary_synth.pb"/>
  <FileSet Name="sources" Type="DesignSrcs" RelSrcDir="$PSRCDIR/sources_1">
    <Filter Type="Srcs"/>
    <File Path="$PSRCDIR/sources_1/imports/source/PS2Receiver.v">
      <FileInfo>
        <Attr Name="ImportPath" Val="$PPRDIR/../../ec551_lab2_22/lab2 submit/lab2 submit/source/PS2Receiver.v"/>
        <Attr Name="ImportTime" Val="1669083270"/>
        <Attr Name="UsedIn" Val="synthesis"/>
        <Attr Name="UsedIn" Val="implementation"/>
        <Attr Name="UsedIn" Val="simulation"/>
      </FileInfo>
    </File>
    <File Path="$PSRCDIR/sources_1/new/alu.v">
      <FileInfo>
        <Attr Name="ImportPath" Val="$PPRDIR/../../ec551_lab2_22/ec551_lab2_11/ec551_lab2_11.srcs/sources_1/new/alu.v"/>
        <Attr Name="ImportTime" Val="1669083782"/>
        <Attr Name="UsedIn" Val="synthesis"/>
        <Attr Name="UsedIn" Val="implementation"/>
        <Attr Name="UsedIn" Val="simulation"/>
      </FileInfo>
    </File>
    <File Path="$PSRCDIR/sources_1/imports/source/bintobcd.v">
      <FileInfo>
        <Attr Name="ImportPath" Val="$PPRDIR/../../ec551_lab2_22/lab2 submit/lab2 submit/source/bintobcd.v"/>
        <Attr Name="ImportTime" Val="1669083270"/>
        <Attr Name="UsedIn" Val="synthesis"/>
        <Attr Name="UsedIn" Val="implementation"/>
        <Attr Name="UsedIn" Val="simulation"/>
      </FileInfo>
    </File>
    <File Path="$PSRCDIR/sources_1/imports/source/cpu.v">
      <FileInfo>
        <Attr Name="ImportPath" Val="$PPRDIR/../../ec551_lab2_22/lab2 submit/lab2 submit/source/cpu.v"/>
        <Attr Name="ImportTime" Val="1669093175"/>
        <Attr Name="UsedIn" Val="synthesis"/>
        <Attr Name="UsedIn" Val="implementation"/>
        <Attr Name="UsedIn" Val="simulation"/>
      </FileInfo>
    </File>
    <File Path="$PSRCDIR/sources_1/imports/source/cpu_command.v">
      <FileInfo>
        <Attr Name="ImportPath" Val="$PPRDIR/../../ec551_lab2_22/lab2 submit/lab2 submit/source/cpu_command.v"/>
        <Attr Name="ImportTime" Val="1669088527"/>
        <Attr Name="UsedIn" Val="synthesis"/>
        <Attr Name="UsedIn" Val="implementation"/>
        <Attr Name="UsedIn" Val="simulation"/>
      </FileInfo>
    </File>
    <File Path="$PSRCDIR/sources_1/imports/source/debounce.v">
      <FileInfo>
        <Attr Name="ImportPath" Val="$PPRDIR/../../ec551_lab2_22/lab2 submit/lab2 submit/source/debounce.v"/>
        <Attr Name="ImportTime" Val="1669083270"/>
        <Attr Name="UsedIn" Val="synthesis"/>
        <Attr Name="UsedIn" Val="implementation"/>
        <Attr Name="UsedIn" Val="simulation"/>
      </FileInfo>
    </File>
    <File Path="$PSRCDIR/sources_1/imports/source/factorial.v">
      <FileInfo>
        <Attr Name="ImportPath" Val="$PPRDIR/../../ec551_lab2_22/lab2 submit/lab2 submit/source/factorial.v"/>
        <Attr Name="ImportTime" Val="1669083270"/>
        <Attr Name="UsedIn" Val="synthesis"/>
        <Attr Name="UsedIn" Val="implementation"/>
        <Attr Name="UsedIn" Val="simulation"/>
      </FileInfo>
    </File>
    <File Path="$PSRCDIR/sources_1/imports/source/idecode.v">
      <FileInfo>
        <Attr Name="ImportPath" Val="$PPRDIR/../../ec551_lab2_22/lab2 submit/lab2 submit/source/idecode.v"/>
        <Attr Name="ImportTime" Val="1669093358"/>
        <Attr Name="UsedIn" Val="synthesis"/>
        <Attr Name="UsedIn" Val="implementation"/>
        <Attr Name="UsedIn" Val="simulation"/>
      </FileInfo>
    </File>
    <File Path="$PSRCDIR/sources_1/imports/source/internal_processing.v">
      <FileInfo>
        <Attr Name="ImportPath" Val="$PPRDIR/../../ec551_lab2_22/lab2 submit/lab2 submit/source/internal_processing.v"/>
        <Attr Name="ImportTime" Val="1669085108"/>
        <Attr Name="UsedIn" Val="synthesis"/>
        <Attr Name="UsedIn" Val="implementation"/>
        <Attr Name="UsedIn" Val="simulation"/>
      </FileInfo>
    </File>
    <File Path="$PSRCDIR/sources_1/imports/source/introduction_part.v">
      <FileInfo>
        <Attr Name="ImportPath" Val="$PPRDIR/../../ec551_lab2_22/lab2 submit/lab2 submit/source/introduction_part.v"/>
        <Attr Name="ImportTime" Val="1669083270"/>
        <Attr Name="UsedIn" Val="synthesis"/>
        <Attr Name="UsedIn" Val="implementation"/>
        <Attr Name="UsedIn" Val="simulation"/>
      </FileInfo>
    </File>
    <File Path="$PSRCDIR/sources_1/imports/source/kb_code_ascii_convert.v">
      <FileInfo>
        <Attr Name="ImportPath" Val="$PPRDIR/../../ec551_lab2_22/lab2 submit/lab2 submit/source/kb_code_ascii_convert.v"/>
        <Attr Name="ImportTime" Val="1669083270"/>
        <Attr Name="UsedIn" Val="synthesis"/>
        <Attr Name="UsedIn" Val="implementation"/>
        <Attr Name="UsedIn" Val="simulation"/>
      </FileInfo>
    </File>
    <File Path="$PSRCDIR/sources_1/imports/source/memory.v">
      <FileInfo>
        <Attr Name="ImportPath" Val="$PPRDIR/../../ec551_lab2_22/lab2 submit/lab2 submit/source/memory.v"/>
        <Attr Name="ImportTime" Val="1669089060"/>
        <Attr Name="UsedIn" Val="synthesis"/>
        <Attr Name="UsedIn" Val="implementation"/>
        <Attr Name="UsedIn" Val="simulation"/>
      </FileInfo>
    </File>
    <File Path="$PSRCDIR/sources_1/imports/source/regfile.v">
      <FileInfo>
        <Attr Name="ImportPath" Val="$PPRDIR/../../ec551_lab2_22/lab2 submit/lab2 submit/source/regfile.v"/>
        <Attr Name="ImportTime" Val="1669083270"/>
        <Attr Name="UsedIn" Val="synthesis"/>
        <Attr Name="UsedIn" Val="implementation"/>
        <Attr Name="UsedIn" Val="simulation"/>
      </FileInfo>
    </File>
    <File Path="$PSRCDIR/sources_1/new/uart_rx.v">
      <FileInfo>
        <Attr Name="ImportPath" Val="$PPRDIR/../EC551_lab2_26/EC551_lab2_26.srcs/sources_1/new/uart_rx.v"/>
        <Attr Name="ImportTime" Val="1669231101"/>
        <Attr Name="UsedIn" Val="synthesis"/>
        <Attr Name="UsedIn" Val="implementation"/>
        <Attr Name="UsedIn" Val="simulation"/>
      </FileInfo>
    </File>
    <File Path="$PSRCDIR/sources_1/imports/source/UART_TX_CTRL.vhd">
      <FileInfo>
        <Attr Name="ImportPath" Val="$PPRDIR/../../ec551_lab2_22/lab2 submit/lab2 submit/source/UART_TX_CTRL.vhd"/>
        <Attr Name="ImportTime" Val="1669083270"/>
        <Attr Name="UsedIn" Val="synthesis"/>
        <Attr Name="UsedIn" Val="simulation"/>
      </FileInfo>
    </File>
    <File Path="$PSRCDIR/sources_1/imports/source/top.v">
      <FileInfo>
        <Attr Name="ImportPath" Val="$PPRDIR/../../ec551_lab2_22/lab2 submit/lab2 submit/source/top.v"/>
        <Attr Name="ImportTime" Val="1669083470"/>
        <Attr Name="UsedIn" Val="synthesis"/>
        <Attr Name="UsedIn" Val="implementation"/>
        <Attr Name="UsedIn" Val="simulation"/>
      </FileInfo>
    </File>
    <File Path="$PSRCDIR/sources_1/new/mux.v">
      <FileInfo>
        <Attr Name="AutoDisabled" Val="1"/>
        <Attr Name="UsedIn" Val="synthesis"/>
        <Attr Name="UsedIn" Val="implementation"/>
        <Attr Name="UsedIn" Val="simulation"/>
      </FileInfo>
    </File>
    <Config>
      <Option Name="DesignMode" Val="RTL"/>
      <Option Name="TopModule" Val="top"/>
      <Option Name="TopAutoSet" Val="TRUE"/>
    </Config>
  </FileSet>
  <FileSet Name="constrs_in" Type="Constrs" RelSrcDir="$PSRCDIR/constrs_1">
    <Filter Type="Constrs"/>
    <File Path="$PSRCDIR/constrs_1/imports/new/lab2_demo.xdc">
      <FileInfo>
        <Attr Name="ImportPath" Val="$PPRDIR/../../ec551_lab2_22/EC551_Lab2_21/EC551_Lab2-main/project_lab2.srcs/constrs_1/new/lab2_demo.xdc"/>
        <Attr Name="ImportTime" Val="1669082971"/>
        <Attr Name="UsedIn" Val="synthesis"/>
        <Attr Name="UsedIn" Val="implementation"/>
      </FileInfo>
    </File>
    <Config>
      <Option Name="TargetConstrsFile" Val="$PSRCDIR/constrs_1/imports/new/lab2_demo.xdc"/>
      <Option Name="ConstrsType" Val="XDC"/>
    </Config>
  </FileSet>
  <FileSet Name="utils" Type="Utils" RelSrcDir="$PSRCDIR/utils_1">
    <Filter Type="Utils"/>
    <Config>
      <Option Name="TopAutoSet" Val="TRUE"/>
    </Config>
  </FileSet>
  <Strategy Version="1" Minor="2">
    <StratHandle Name="Vivado Synthesis Defaults" Flow="Vivado Synthesis 2019"/>
    <Step Id="synth_design"/>
  </Strategy>
</GenRun>
